Order Date,Brand,Sneaker,Sale,Retail,Profit,ProfitPercent,Buyer Region,brand,Order,sneaker,sale_average
1/15/18,Off White,Air Jordan 1 Retro High Off White Chicago,1525,190,1335.0,702.6315789,New York,Mixed,,,
1/15/18,Off White,Air Jordan 1 Retro High Off White Chicago,1661,190,1471.0,774.2105263,Texas,Mixed,,,
1/15/18,Off White,Air Force 1 Low Off White,615,170,445.0,261.7647059,California,Mixed,,,
1/15/18,Off White,Air Force 1 Low Off White,625,170,455.0,267.6470588,Texas,Mixed,,,
1/15/18,Off White,Air Max 97 Off White,750,190,560.0,294.7368421,Michigan,Mixed,,,
1/15/18,Off White,Air Max 97 Off White,620,190,430.0,226.3157895,Massachusetts,Mixed,,,
1/15/18,Off White,Air Presto Off White,1150,160,990.0,618.75,California,Mixed,,,
1/15/18,Off White,Air VaporMax Off White,805,250,555.0,222.0,Pennsylvania,Mixed,,,
1/15/18,Off White,Blazer Mid Off White,660,130,530.0,407.6923077,Illinois,Mixed,,,
1/15/18,Off White,Blazer Mid Off White,690,130,560.0,430.7692308,Colorado,Mixed,,,
1/15/18,Off White,React Hyperdunk 2017 Flyknit Off White,450,200,250.0,125.0,New Jersey,Mixed,,,
1/15/18,Off White,React Hyperdunk 2017 Flyknit Off White,360,200,160.0,80.0,New York,Mixed,,,
1/15/18,Off White,React Hyperdunk 2017 Flyknit Off White,399,200,199.0,99.5,Kansas,Mixed,,,
1/15/18,Off White,React Hyperdunk 2017 Flyknit Off White,431,200,231.0,115.5,North Carolina,Mixed,,,
1/15/18,Off White,Zoom Fly Off White,385,170,215.0,126.4705882,New York,Mixed,,,
1/16/18,Off White,Air Jordan 1 Retro High Off White Chicago,1725,190,1535.0,807.8947368,Georgia,Mixed,,,
1/16/18,Off White,Air Jordan 1 Retro High Off White Chicago,1555,190,1365.0,718.4210526,Pennsylvania,Mixed,,,
1/16/18,Off White,Air Max 97 Off White,610,190,420.0,221.0526316,Arizona,Mixed,,,
1/16/18,Off White,Air Max 97 Off White,609,190,419.0,220.5263158,Utah,Mixed,,,
1/16/18,Off White,Air Presto Off White,1150,160,990.0,618.75,California,Mixed,,,
1/16/18,Off White,Air Presto Off White,950,160,790.0,493.75,California,Mixed,,,
1/16/18,Off White,Air VaporMax Off White,870,250,620.0,248.0,Virginia,Mixed,,,
1/16/18,Off White,Blazer Mid Off White,700,130,570.0,438.4615385,Utah,Mixed,,,
1/16/18,Off White,React Hyperdunk 2017 Flyknit Off White,405,200,205.0,102.5,Ohio,Mixed,,,
1/16/18,Off White,React Hyperdunk 2017 Flyknit Off White,400,200,200.0,100.0,Connecticut,Mixed,,,
1/16/18,Off White,React Hyperdunk 2017 Flyknit Off White,435,200,235.0,117.5,Texas,Mixed,,,
1/16/18,Off White,Zoom Fly Off White,500,170,330.0,194.1176471,Washington,Mixed,,,
1/17/18,Off White,Air Jordan 1 Retro High Off White Chicago,1700,190,1510.0,794.7368421,Colorado,Mixed,,,
1/17/18,Off White,Air Jordan 1 Retro High Off White Chicago,1403,190,1213.0,638.4210526,Arizona,Mixed,,,
1/17/18,Off White,Air Jordan 1 Retro High Off White Chicago,1510,190,1320.0,694.7368421,New York,Mixed,,,
1/17/18,Off White,Air Force 1 Low Off White,686,170,516.0,303.5294118,Idaho,Mixed,,,
1/17/18,Off White,Air Max 90 Off White,681,160,521.0,325.625,California,Mixed,,,
1/17/18,Off White,Air Max 97 Off White,620,190,430.0,226.3157895,Georgia,Mixed,,,
1/17/18,Off White,Air Max 97 Off White,620,190,430.0,226.3157895,New Hampshire,Mixed,,,
1/17/18,Off White,Air Presto Off White,961,160,801.0,500.625,Arizona,Mixed,,,
1/17/18,Off White,Air Presto Off White,1080,160,920.0,575.0,California,Mixed,,,
1/17/18,Off White,Air VaporMax Off White,770,250,520.0,208.0,New York,Mixed,,,
1/17/18,Off White,Air VaporMax Off White,875,250,625.0,250.0,South Carolina,Mixed,,,
1/17/18,Off White,Blazer Mid Off White,725,130,595.0,457.6923077,Georgia,Mixed,,,
1/17/18,Off White,Blazer Mid Off White,702,130,572.0,440.0,California,Mixed,,,
1/17/18,Off White,Blazer Mid Off White,700,130,570.0,438.4615385,New Hampshire,Mixed,,,
1/17/18,Off White,React Hyperdunk 2017 Flyknit Off White,451,200,251.0,125.5,New Jersey,Mixed,,,
1/17/18,Off White,React Hyperdunk 2017 Flyknit Off White,440,200,240.0,120.0,West Virginia,Mixed,,,
1/17/18,Off White,Zoom Fly Off White,550,170,380.0,223.5294118,Florida,Mixed,,,
1/18/18,Off White,Air Jordan 1 Retro High Off White Chicago,1550,190,1360.0,715.7894737,Oklahoma,Mixed,,,
1/18/18,Off White,Air Jordan 1 Retro High Off White Chicago,1575,190,1385.0,728.9473684,New York,Mixed,,,
1/18/18,Off White,Air Jordan 1 Retro High Off White Chicago,1560,190,1370.0,721.0526316,California,Mixed,,,
1/18/18,Off White,Air Force 1 Low Off White,721,170,551.0,324.1176471,Florida,Mixed,,,
1/18/18,Off White,Air Force 1 Low Off White,710,170,540.0,317.6470588,Pennsylvania,Mixed,,,
1/18/18,Off White,Air Max 90 Off White,530,160,370.0,231.25,Ohio,Mixed,,,
1/18/18,Off White,Air Max 90 Off White,630,160,470.0,293.75,New Jersey,Mixed,,,
1/18/18,Off White,Air Max 97 Off White,610,190,420.0,221.0526316,California,Mixed,,,
1/18/18,Off White,Air Max 97 Off White,639,190,449.0,236.3157895,Pennsylvania,Mixed,,,
1/18/18,Off White,Air Max 97 Off White,639,190,449.0,236.3157895,California,Mixed,,,
1/18/18,Off White,Air Presto Off White,960,160,800.0,500.0,South Carolina,Mixed,,,
1/18/18,Off White,Air Presto Off White,1000,160,840.0,525.0,New Mexico,Mixed,,,
1/18/18,Off White,Air Presto Off White,1319,160,1159.0,724.375,New Jersey,Mixed,,,
1/18/18,Off White,Air VaporMax Off White,792,250,542.0,216.8,California,Mixed,,,
1/18/18,Off White,Air VaporMax Off White,666,250,416.0,166.4,Delaware,Mixed,,,
1/18/18,Off White,Blazer Mid Off White,685,130,555.0,426.9230769,Illinois,Mixed,,,
1/18/18,Off White,Blazer Mid Off White,745,130,615.0,473.0769231,California,Mixed,,,
1/18/18,Off White,React Hyperdunk 2017 Flyknit Off White,408,200,208.0,104.0,California,Mixed,,,
1/18/18,Off White,Zoom Fly Off White,531,170,361.0,212.3529412,California,Mixed,,,
1/18/18,Off White,Zoom Fly Off White,564,170,394.0,231.7647059,New York,Mixed,,,
1/19/18,Off White,Air Jordan 1 Retro High Off White Chicago,1480,190,1290.0,678.9473684,Florida,Mixed,,,
1/19/18,Off White,Air Jordan 1 Retro High Off White Chicago,1299,190,1109.0,583.6842105,Virginia,Mixed,,,
1/19/18,Off White,Air Force 1 Low Off White,706,170,536.0,315.2941176,Florida,Mixed,,,
1/19/18,Off White,Air Max 90 Off White,690,160,530.0,331.25,Texas,Mixed,,,
1/19/18,Off White,Air Max 90 Off White,625,160,465.0,290.625,Florida,Mixed,,,
1/19/18,Off White,Air Max 97 Off White,644,190,454.0,238.9473684,Illinois,Mixed,,,
1/19/18,Off White,Air Max 97 Off White,645,190,455.0,239.4736842,California,Mixed,,,
1/19/18,Off White,Air Max 97 Off White,615,190,425.0,223.6842105,Texas,Mixed,,,
1/19/18,Off White,Air Presto Off White,1030,160,870.0,543.75,Rhode Island,Mixed,,,
1/19/18,Off White,Air Presto Off White,1100,160,940.0,587.5,California,Mixed,,,
1/19/18,Off White,Air Presto Off White,1253,160,1093.0,683.125,New Hampshire,Mixed,,,
1/19/18,Off White,Air VaporMax Off White,875,250,625.0,250.0,District of Columbia,Mixed,,,
1/19/18,Off White,Air VaporMax Off White,611,250,361.0,144.4,Pennsylvania,Mixed,,,
1/19/18,Off White,Blazer Mid Off White,622,130,492.0,378.4615385,New York,Mixed,,,
1/19/18,Off White,React Hyperdunk 2017 Flyknit Off White,424,200,224.0,112.0,California,Mixed,,,
1/19/18,Off White,React Hyperdunk 2017 Flyknit Off White,406,200,206.0,103.0,Oregon,Mixed,,,
1/19/18,Off White,Zoom Fly Off White,425,170,255.0,150.0,California,Mixed,,,
1/19/18,Off White,Zoom Fly Off White,465,170,295.0,173.5294118,Michigan,Mixed,,,
1/20/18,Off White,Air Jordan 1 Retro High Off White Chicago,1630,190,1440.0,757.8947368,California,Mixed,,,
1/20/18,Off White,Air Jordan 1 Retro High Off White Chicago,1460,190,1270.0,668.4210526,New York,Mixed,,,
1/20/18,Off White,Air Force 1 Low Off White,785,170,615.0,361.7647059,California,Mixed,,,
1/20/18,Off White,Air Force 1 Low Off White,700,170,530.0,311.7647059,Virginia,Mixed,,,
1/20/18,Off White,Air Max 90 Off White,677,160,517.0,323.125,Virginia,Mixed,,,
1/20/18,Off White,Air Max 90 Off White,711,160,551.0,344.375,Oregon,Mixed,,,
1/20/18,Off White,Air Max 97 Off White,600,190,410.0,215.7894737,California,Mixed,,,
1/20/18,Off White,Air Max 97 Off White,624,190,434.0,228.4210526,New Jersey,Mixed,,,
1/20/18,Off White,Air Presto Off White,1230,160,1070.0,668.75,Illinois,Mixed,,,
1/20/18,Off White,Air Presto Off White,1290,160,1130.0,706.25,California,Mixed,,,
1/20/18,Off White,Air VaporMax Off White,810,250,560.0,224.0,New York,Mixed,,,
1/20/18,Off White,Air VaporMax Off White,799,250,549.0,219.6,California,Mixed,,,
1/20/18,Off White,Blazer Mid Off White,585,130,455.0,350.0,Ohio,Mixed,,,
1/20/18,Off White,Blazer Mid Off White,690,130,560.0,430.7692308,Texas,Mixed,,,
1/20/18,Off White,React Hyperdunk 2017 Flyknit Off White,420,200,220.0,110.0,California,Mixed,,,
1/20/18,Off White,Zoom Fly Off White,530,170,360.0,211.7647059,Oregon,Mixed,,,
1/21/18,Off White,Air Jordan 1 Retro High Off White Chicago,1690,190,1500.0,789.4736842,Georgia,Mixed,,,
1/21/18,Off White,Air Force 1 Low Off White,660,170,490.0,288.2352941,Connecticut,Mixed,,,
1/21/18,Off White,Air Force 1 Low Off White,701,170,531.0,312.3529412,Florida,Mixed,,,
1/21/18,Off White,Air Max 90 Off White,680,160,520.0,325.0,Colorado,Mixed,,,
1/21/18,Off White,Air Max 97 Off White,700,190,510.0,268.4210526,Florida,Mixed,,,
1/21/18,Off White,Air Max 97 Off White,700,190,510.0,268.4210526,California,Mixed,,,
1/21/18,Off White,Air Presto Off White,1086,160,926.0,578.75,Illinois,Mixed,,,
1/21/18,Off White,Air Presto Off White,1185,160,1025.0,640.625,California,Mixed,,,
1/21/18,Off White,Air Presto Off White,1285,160,1125.0,703.125,California,Mixed,,,
1/21/18,Off White,Air VaporMax Off White,790,250,540.0,216.0,New Jersey,Mixed,,,
1/21/18,Off White,Air VaporMax Off White,870,250,620.0,248.0,Colorado,Mixed,,,
1/21/18,Off White,Blazer Mid Off White,615,130,485.0,373.0769231,California,Mixed,,,
1/21/18,Off White,React Hyperdunk 2017 Flyknit Off White,415,200,215.0,107.5,Texas,Mixed,,,
1/21/18,Off White,Zoom Fly Off White,535,170,365.0,214.7058824,California,Mixed,,,
, Yeezy,350-Low-Pirate-Black-2015,985,200,,,,Adidas,15-Jan,,
, Yeezy,350-Low-V2-Beluga,907,220,,,,Adidas,15-Jan,,
, Yeezy,350-V2-Beluga-2pt0,387,220,,,,Adidas,15-Jan,,
, Yeezy,350-V2-Beluga-2pt0,360,220,,,,Adidas,15-Jan,,
, Yeezy,350-V2-Beluga-2pt0,412,220,,,,Adidas,15-Jan,,
, Yeezy,350-V2-Beluga-2pt0,342,220,,,,Adidas,15-Jan,,
, Yeezy,350-V2-Beluga-2pt0,325,220,,,,Adidas,15-Jan,,
, Yeezy,350-V2-Beluga-2pt0,374,220,,,,Adidas,15-Jan,,
, Yeezy,350-V2-Beluga-2pt0,379,220,,,,Adidas,15-Jan,,
, Yeezy,350-V2-Beluga-2pt0,365,220,,,,Adidas,15-Jan,,
, Yeezy,350-V2-Beluga-2pt0,360,220,,,,Adidas,15-Jan,,
, Yeezy,350-V2-Beluga-2pt0,361,220,,,,Adidas,15-Jan,,
, Yeezy,350-V2-Beluga-2pt0,369,220,,,,Adidas,15-Jan,,
, Yeezy,350-V2-Beluga-2pt0,359,220,,,,Adidas,15-Jan,,
, Yeezy,350-V2-Beluga-2pt0,380,220,,,,Adidas,15-Jan,,
, Yeezy,350-V2-Beluga-2pt0,386,220,,,,Adidas,15-Jan,,
, Yeezy,350-V2-Beluga-2pt0,385,220,,,,Adidas,15-Jan,,
, Yeezy,350-V2-Beluga-2pt0,425,220,,,,Adidas,15-Jan,,
, Yeezy,350-V2-Beluga-2pt0,365,220,,,,Adidas,15-Jan,,
, Yeezy,350-V2-Beluga-2pt0,375,220,,,,Adidas,15-Jan,,
, Yeezy,350-V2-Beluga-2pt0,359,220,,,,Adidas,15-Jan,,
, Yeezy,350-V2-Beluga-2pt0,375,220,,,,Adidas,15-Jan,,
, Yeezy,350-V2-Beluga-2pt0,398,220,,,,Adidas,15-Jan,,
, Yeezy,350-V2-Beluga-2pt0,370,220,,,,Adidas,15-Jan,,
, Yeezy,350-V2-Beluga-2pt0,350,220,,,,Adidas,15-Jan,,
, Yeezy,350-V2-Beluga-2pt0,360,220,,,,Adidas,15-Jan,,
, Yeezy,350-V2-Beluga-2pt0,400,220,,,,Adidas,15-Jan,,
, Yeezy,350-V2-Beluga-2pt0,415,220,,,,Adidas,15-Jan,,
, Yeezy,350-V2-Beluga-2pt0,346,220,,,,Adidas,15-Jan,,
, Yeezy,350-V2-Beluga-2pt0,350,220,,,,Adidas,15-Jan,,
, Yeezy,350-V2-Beluga-2pt0,390,220,,,,Adidas,15-Jan,,
, Yeezy,350-V2-Blue-Tint,400,220,,,,Adidas,15-Jan,,
, Yeezy,350-V2-Blue-Tint,330,220,,,,Adidas,15-Jan,,
, Yeezy,350-V2-Blue-Tint,330,220,,,,Adidas,15-Jan,,
, Yeezy,350-V2-Blue-Tint,368,220,,,,Adidas,15-Jan,,
, Yeezy,350-V2-Blue-Tint,326,220,,,,Adidas,15-Jan,,
, Yeezy,350-V2-Blue-Tint,360,220,,,,Adidas,15-Jan,,
, Yeezy,350-V2-Blue-Tint,347,220,,,,Adidas,15-Jan,,
, Yeezy,350-V2-Blue-Tint,340,220,,,,Adidas,15-Jan,,
, Yeezy,350-V2-Blue-Tint,345,220,,,,Adidas,15-Jan,,
, Yeezy,350-V2-Blue-Tint,378,220,,,,Adidas,15-Jan,,
, Yeezy,350-V2-Blue-Tint,353,220,,,,Adidas,15-Jan,,
, Yeezy,350-V2-Blue-Tint,364,220,,,,Adidas,15-Jan,,
, Yeezy,350-V2-Blue-Tint,349,220,,,,Adidas,15-Jan,,
, Yeezy,350-V2-Blue-Tint,355,220,,,,Adidas,15-Jan,,
, Yeezy,350-V2-Blue-Tint,365,220,,,,Adidas,15-Jan,,
, Yeezy,350-V2-Blue-Tint,385,220,,,,Adidas,15-Jan,,
, Yeezy,350-V2-Blue-Tint,326,220,,,,Adidas,15-Jan,,
, Yeezy,350-V2-Blue-Tint,357,220,,,,Adidas,15-Jan,,
, Yeezy,350-V2-Blue-Tint,372,220,,,,Adidas,15-Jan,,
, Yeezy,350-V2-Blue-Tint,378,220,,,,Adidas,15-Jan,,
, Yeezy,350-V2-Blue-Tint,353,220,,,,Adidas,15-Jan,,
, Yeezy,350-V2-Blue-Tint,331,220,,,,Adidas,15-Jan,,
, Yeezy,350-V2-Blue-Tint,350,220,,,,Adidas,15-Jan,,
, Yeezy,350-V2-Blue-Tint,353,220,,,,Adidas,15-Jan,,
, Yeezy,350-V2-Blue-Tint,351,220,,,,Adidas,15-Jan,,
, Yeezy,350-V2-Blue-Tint,378,220,,,,Adidas,15-Jan,,
, Yeezy,350-V2-Blue-Tint,350,220,,,,Adidas,15-Jan,,
, Yeezy,350-V2-Blue-Tint,375,220,,,,Adidas,15-Jan,,
, Yeezy,350-V2-Blue-Tint,338,220,,,,Adidas,15-Jan,,
, Yeezy,350-V2-Blue-Tint,359,220,,,,Adidas,15-Jan,,
, Yeezy,350-V2-Blue-Tint,353,220,,,,Adidas,15-Jan,,
, Yeezy,350-V2-Blue-Tint,322,220,,,,Adidas,15-Jan,,
, Yeezy,350-V2-Blue-Tint,339,220,,,,Adidas,15-Jan,,
, Yeezy,350-V2-Blue-Tint,350,220,,,,Adidas,15-Jan,,
, Yeezy,350-V2-Blue-Tint,380,220,,,,Adidas,15-Jan,,
, Yeezy,350-V2-Blue-Tint,352,220,,,,Adidas,15-Jan,,
, Yeezy,350-V2-Blue-Tint,362,220,,,,Adidas,15-Jan,,
, Yeezy,350-V2-Blue-Tint,391,220,,,,Adidas,15-Jan,,
, Yeezy,350-V2-Blue-Tint,390,220,,,,Adidas,15-Jan,,
, Yeezy,350-V2-Blue-Tint,390,220,,,,Adidas,15-Jan,,
, Yeezy,350-V2-Blue-Tint,340,220,,,,Adidas,15-Jan,,
, Yeezy,350-V2-Blue-Tint,342,220,,,,Adidas,15-Jan,,
, Yeezy,350-V2-Blue-Tint,327,220,,,,Adidas,15-Jan,,
, Yeezy,350-V2-Blue-Tint,330,220,,,,Adidas,15-Jan,,
, Yeezy,350-V2-Blue-Tint,355,220,,,,Adidas,15-Jan,,
, Yeezy,350-V2-Blue-Tint,385,220,,,,Adidas,15-Jan,,
, Yeezy,350-V2-Blue-Tint,331,220,,,,Adidas,15-Jan,,
, Yeezy,350-V2-Blue-Tint,365,220,,,,Adidas,15-Jan,,
, Yeezy,350-V2-Blue-Tint,340,220,,,,Adidas,15-Jan,,
, Yeezy,350-V2-Blue-Tint,345,220,,,,Adidas,15-Jan,,
, Yeezy,350-V2-Blue-Tint,335,220,,,,Adidas,15-Jan,,
, Yeezy,350-V2-Blue-Tint,352,220,,,,Adidas,15-Jan,,
, Yeezy,350-V2-Blue-Tint,358,220,,,,Adidas,15-Jan,,
, Yeezy,350-V2-Blue-Tint,355,220,,,,Adidas,15-Jan,,
, Yeezy,350-V2-Blue-Tint,385,220,,,,Adidas,15-Jan,,
, Yeezy,350-V2-Blue-Tint,362,220,,,,Adidas,15-Jan,,
, Yeezy,350-V2-Blue-Tint,329,220,,,,Adidas,15-Jan,,
, Yeezy,350-V2-Core-Black-Red,852,220,,,,Adidas,15-Jan,,
, Yeezy,350-V2-Core-Black-Red-2017,827,220,,,,Adidas,15-Jan,,
, Yeezy,350-V2-Core-Black-Red-2017,830,220,,,,Adidas,15-Jan,,
, Yeezy,350-V2-Core-Black-White,720,220,,,,Adidas,15-Jan,,
, Yeezy,350-V2-Cream-White,488,220,,,,Adidas,15-Jan,,
, Yeezy,350-V2-Cream-White,519,220,,,,Adidas,15-Jan,,
, Yeezy,350-V2-Cream-White,440,220,,,,Adidas,15-Jan,,
, Yeezy,350-V2-Cream-White,500,220,,,,Adidas,15-Jan,,
, Yeezy,350-V2-Cream-White,420,220,,,,Adidas,15-Jan,,
, Yeezy,350-V2-Semi-Frozen-Yellow,698,220,,,,Adidas,15-Jan,,
, Yeezy,350-V2-Semi-Frozen-Yellow,550,220,,,,Adidas,15-Jan,,
, Yeezy,350-V2-Semi-Frozen-Yellow,755,220,,,,Adidas,15-Jan,,
, Yeezy,350-V2-Semi-Frozen-Yellow,650,220,,,,Adidas,15-Jan,,
, Yeezy,350-V2-Semi-Frozen-Yellow,598,220,,,,Adidas,15-Jan,,
, Yeezy,350-V2-Semi-Frozen-Yellow,635,220,,,,Adidas,15-Jan,,
, Yeezy,350-V2-Semi-Frozen-Yellow,630,220,,,,Adidas,15-Jan,,
, Yeezy,350-V2-Zebra,515,220,,,,Adidas,15-Jan,,
, Yeezy,350-V2-Zebra,575,220,,,,Adidas,15-Jan,,
, Yeezy,350-V2-Zebra,565,220,,,,Adidas,15-Jan,,
, Yeezy,350-V2-Zebra,530,220,,,,Adidas,15-Jan,,
, Yeezy,350-V2-Zebra,530,220,,,,Adidas,15-Jan,,
, Yeezy,350-V2-Zebra,520,220,,,,Adidas,15-Jan,,
, Yeezy,350-V2-Zebra,560,220,,,,Adidas,15-Jan,,
, Yeezy,350-Low-Pirate-Black-2015,897,200,,,,Adidas,16-Jan,,
, Yeezy,350-Low-V2-Beluga,855,220,,,,Adidas,16-Jan,,
, Yeezy,350-Low-V2-Beluga,710,220,,,,Adidas,16-Jan,,
, Yeezy,350-V2-Beluga-2pt0,404,220,,,,Adidas,16-Jan,,
, Yeezy,350-V2-Beluga-2pt0,380,220,,,,Adidas,16-Jan,,
, Yeezy,350-V2-Beluga-2pt0,399,220,,,,Adidas,16-Jan,,
, Yeezy,350-V2-Beluga-2pt0,360,220,,,,Adidas,16-Jan,,
, Yeezy,350-V2-Beluga-2pt0,388,220,,,,Adidas,16-Jan,,
, Yeezy,350-V2-Beluga-2pt0,375,220,,,,Adidas,16-Jan,,
, Yeezy,350-V2-Beluga-2pt0,360,220,,,,Adidas,16-Jan,,
, Yeezy,350-V2-Beluga-2pt0,370,220,,,,Adidas,16-Jan,,
, Yeezy,350-V2-Beluga-2pt0,360,220,,,,Adidas,16-Jan,,
, Yeezy,350-V2-Beluga-2pt0,357,220,,,,Adidas,16-Jan,,
, Yeezy,350-V2-Beluga-2pt0,361,220,,,,Adidas,16-Jan,,
, Yeezy,350-V2-Beluga-2pt0,364,220,,,,Adidas,16-Jan,,
, Yeezy,350-V2-Beluga-2pt0,364,220,,,,Adidas,16-Jan,,
, Yeezy,350-V2-Beluga-2pt0,380,220,,,,Adidas,16-Jan,,
, Yeezy,350-V2-Beluga-2pt0,405,220,,,,Adidas,16-Jan,,
, Yeezy,350-V2-Beluga-2pt0,440,220,,,,Adidas,16-Jan,,
, Yeezy,350-V2-Beluga-2pt0,387,220,,,,Adidas,16-Jan,,
, Yeezy,350-V2-Beluga-2pt0,399,220,,,,Adidas,16-Jan,,
, Yeezy,350-V2-Beluga-2pt0,380,220,,,,Adidas,16-Jan,,
, Yeezy,350-V2-Beluga-2pt0,392,220,,,,Adidas,16-Jan,,
, Yeezy,350-V2-Beluga-2pt0,409,220,,,,Adidas,16-Jan,,
, Yeezy,350-V2-Beluga-2pt0,490,220,,,,Adidas,16-Jan,,
, Yeezy,350-V2-Beluga-2pt0,412,220,,,,Adidas,16-Jan,,
, Yeezy,350-V2-Beluga-2pt0,410,220,,,,Adidas,16-Jan,,
, Yeezy,350-V2-Beluga-2pt0,440,220,,,,Adidas,16-Jan,,
, Yeezy,350-V2-Beluga-2pt0,394,220,,,,Adidas,16-Jan,,
, Yeezy,350-V2-Beluga-2pt0,350,220,,,,Adidas,16-Jan,,
, Yeezy,350-V2-Blue-Tint,369,220,,,,Adidas,16-Jan,,
, Yeezy,350-V2-Blue-Tint,333,220,,,,Adidas,16-Jan,,
, Yeezy,350-V2-Blue-Tint,333,220,,,,Adidas,16-Jan,,
, Yeezy,350-V2-Blue-Tint,340,220,,,,Adidas,16-Jan,,
, Yeezy,350-V2-Blue-Tint,340,220,,,,Adidas,16-Jan,,
, Yeezy,350-V2-Blue-Tint,370,220,,,,Adidas,16-Jan,,
, Yeezy,350-V2-Blue-Tint,350,220,,,,Adidas,16-Jan,,
, Yeezy,350-V2-Blue-Tint,320,220,,,,Adidas,16-Jan,,
, Yeezy,350-V2-Blue-Tint,705,220,,,,Adidas,16-Jan,,
, Yeezy,350-V2-Blue-Tint,381,220,,,,Adidas,16-Jan,,
, Yeezy,350-V2-Blue-Tint,360,220,,,,Adidas,16-Jan,,
, Yeezy,350-V2-Blue-Tint,359,220,,,,Adidas,16-Jan,,
, Yeezy,350-V2-Blue-Tint,368,220,,,,Adidas,16-Jan,,
, Yeezy,350-V2-Blue-Tint,330,220,,,,Adidas,16-Jan,,
, Yeezy,350-V2-Blue-Tint,375,220,,,,Adidas,16-Jan,,
, Yeezy,350-V2-Blue-Tint,346,220,,,,Adidas,16-Jan,,
, Yeezy,350-V2-Blue-Tint,335,220,,,,Adidas,16-Jan,,
, Yeezy,350-V2-Blue-Tint,355,220,,,,Adidas,16-Jan,,
, Yeezy,350-V2-Blue-Tint,340,220,,,,Adidas,16-Jan,,
, Yeezy,350-V2-Blue-Tint,352,220,,,,Adidas,16-Jan,,
, Yeezy,350-V2-Blue-Tint,360,220,,,,Adidas,16-Jan,,
, Yeezy,350-V2-Blue-Tint,384,220,,,,Adidas,16-Jan,,
, Yeezy,350-V2-Blue-Tint,399,220,,,,Adidas,16-Jan,,
, Yeezy,350-V2-Blue-Tint,379,220,,,,Adidas,16-Jan,,
, Yeezy,350-V2-Blue-Tint,365,220,,,,Adidas,16-Jan,,
, Yeezy,350-V2-Blue-Tint,340,220,,,,Adidas,16-Jan,,
, Yeezy,350-V2-Blue-Tint,370,220,,,,Adidas,16-Jan,,
, Yeezy,350-V2-Blue-Tint,349,220,,,,Adidas,16-Jan,,
, Yeezy,350-V2-Blue-Tint,370,220,,,,Adidas,16-Jan,,
, Yeezy,350-V2-Blue-Tint,380,220,,,,Adidas,16-Jan,,
, Yeezy,350-V2-Blue-Tint,365,220,,,,Adidas,16-Jan,,
, Yeezy,350-V2-Blue-Tint,379,220,,,,Adidas,16-Jan,,
, Yeezy,350-V2-Blue-Tint,344,220,,,,Adidas,16-Jan,,
, Yeezy,350-V2-Blue-Tint,350,220,,,,Adidas,16-Jan,,
, Yeezy,350-V2-Blue-Tint,368,220,,,,Adidas,16-Jan,,
, Yeezy,350-V2-Blue-Tint,362,220,,,,Adidas,16-Jan,,
, Yeezy,350-V2-Blue-Tint,340,220,,,,Adidas,16-Jan,,
, Yeezy,350-V2-Blue-Tint,339,220,,,,Adidas,16-Jan,,
, Yeezy,350-V2-Blue-Tint,338,220,,,,Adidas,16-Jan,,
, Yeezy,350-V2-Blue-Tint,380,220,,,,Adidas,16-Jan,,
, Yeezy,350-V2-Blue-Tint,339,220,,,,Adidas,16-Jan,,
, Yeezy,350-V2-Blue-Tint,335,220,,,,Adidas,16-Jan,,
, Yeezy,350-V2-Blue-Tint,335,220,,,,Adidas,16-Jan,,
, Yeezy,350-V2-Blue-Tint,340,220,,,,Adidas,16-Jan,,
, Yeezy,350-V2-Blue-Tint,380,220,,,,Adidas,16-Jan,,
, Yeezy,350-V2-Blue-Tint,400,220,,,,Adidas,16-Jan,,
, Yeezy,350-V2-Blue-Tint,335,220,,,,Adidas,16-Jan,,
, Yeezy,350-V2-Blue-Tint,389,220,,,,Adidas,16-Jan,,
, Yeezy,350-V2-Core-Black-Green,662,220,,,,Adidas,16-Jan,,
, Yeezy,350-V2-Core-Black-Red-2017,795,220,,,,Adidas,16-Jan,,
, Yeezy,350-V2-Core-Black-Red-2017,721,220,,,,Adidas,16-Jan,,
, Yeezy,350-V2-Core-Black-White,715,220,,,,Adidas,16-Jan,,
, Yeezy,350-V2-Core-Black-White,739,220,,,,Adidas,16-Jan,,
, Yeezy,350-V2-Core-Black-White,691,220,,,,Adidas,16-Jan,,
, Yeezy,350-V2-Cream-White,445,220,,,,Adidas,16-Jan,,
, Yeezy,350-V2-Cream-White,465,220,,,,Adidas,16-Jan,,
, Yeezy,350-V2-Cream-White,420,220,,,,Adidas,16-Jan,,
, Yeezy,350-V2-Cream-White,480,220,,,,Adidas,16-Jan,,
, Yeezy,350-V2-Cream-White,407,220,,,,Adidas,16-Jan,,
, Yeezy,350-V2-Semi-Frozen-Yellow,510,220,,,,Adidas,16-Jan,,
, Yeezy,350-V2-Semi-Frozen-Yellow,788,220,,,,Adidas,16-Jan,,
, Yeezy,350-V2-Semi-Frozen-Yellow,610,220,,,,Adidas,16-Jan,,
, Yeezy,350-V2-Semi-Frozen-Yellow,542,220,,,,Adidas,16-Jan,,
, Yeezy,350-V2-Semi-Frozen-Yellow,680,220,,,,Adidas,16-Jan,,
, Yeezy,350-V2-Semi-Frozen-Yellow,760,220,,,,Adidas,16-Jan,,
, Yeezy,350-V2-Semi-Frozen-Yellow,600,220,,,,Adidas,16-Jan,,
, Yeezy,350-V2-Semi-Frozen-Yellow,647,220,,,,Adidas,16-Jan,,
, Yeezy,350-V2-Semi-Frozen-Yellow,575,220,,,,Adidas,16-Jan,,
, Yeezy,350-V2-Zebra,501,220,,,,Adidas,16-Jan,,
, Yeezy,350-V2-Zebra,501,220,,,,Adidas,16-Jan,,
, Yeezy,350-V2-Zebra,535,220,,,,Adidas,16-Jan,,
, Yeezy,350-V2-Zebra,517,220,,,,Adidas,16-Jan,,
, Yeezy,350-V2-Zebra,565,220,,,,Adidas,16-Jan,,
, Yeezy,350-Low-Pirate-Black-2015,815,200,,,,Adidas,17-Jan,,
, Yeezy,350-Low-V2-Beluga,895,220,,,,Adidas,17-Jan,,
, Yeezy,350-Low-V2-Beluga,850,220,,,,Adidas,17-Jan,,
, Yeezy,350-V2-Beluga-2pt0,385,220,,,,Adidas,17-Jan,,
, Yeezy,350-V2-Beluga-2pt0,377,220,,,,Adidas,17-Jan,,
, Yeezy,350-V2-Beluga-2pt0,418,220,,,,Adidas,17-Jan,,
, Yeezy,350-V2-Beluga-2pt0,353,220,,,,Adidas,17-Jan,,
, Yeezy,350-V2-Beluga-2pt0,371,220,,,,Adidas,17-Jan,,
, Yeezy,350-V2-Beluga-2pt0,370,220,,,,Adidas,17-Jan,,
, Yeezy,350-V2-Beluga-2pt0,402,220,,,,Adidas,17-Jan,,
, Yeezy,350-V2-Beluga-2pt0,385,220,,,,Adidas,17-Jan,,
, Yeezy,350-V2-Beluga-2pt0,375,220,,,,Adidas,17-Jan,,
, Yeezy,350-V2-Beluga-2pt0,383,220,,,,Adidas,17-Jan,,
, Yeezy,350-V2-Beluga-2pt0,405,220,,,,Adidas,17-Jan,,
, Yeezy,350-V2-Beluga-2pt0,398,220,,,,Adidas,17-Jan,,
, Yeezy,350-V2-Beluga-2pt0,403,220,,,,Adidas,17-Jan,,
, Yeezy,350-V2-Beluga-2pt0,380,220,,,,Adidas,17-Jan,,
, Yeezy,350-V2-Beluga-2pt0,355,220,,,,Adidas,17-Jan,,
, Yeezy,350-V2-Beluga-2pt0,401,220,,,,Adidas,17-Jan,,
, Yeezy,350-V2-Beluga-2pt0,300,220,,,,Adidas,17-Jan,,
, Yeezy,350-V2-Beluga-2pt0,375,220,,,,Adidas,17-Jan,,
, Yeezy,350-V2-Beluga-2pt0,350,220,,,,Adidas,17-Jan,,
, Yeezy,350-V2-Beluga-2pt0,368,220,,,,Adidas,17-Jan,,
, Yeezy,350-V2-Beluga-2pt0,346,220,,,,Adidas,17-Jan,,
, Yeezy,350-V2-Beluga-2pt0,394,220,,,,Adidas,17-Jan,,
, Yeezy,350-V2-Beluga-2pt0,369,220,,,,Adidas,17-Jan,,
, Yeezy,350-V2-Beluga-2pt0,362,220,,,,Adidas,17-Jan,,
, Yeezy,350-V2-Beluga-2pt0,369,220,,,,Adidas,17-Jan,,
, Yeezy,350-V2-Beluga-2pt0,399,220,,,,Adidas,17-Jan,,
, Yeezy,350-V2-Beluga-2pt0,366,220,,,,Adidas,17-Jan,,
, Yeezy,350-V2-Beluga-2pt0,363,220,,,,Adidas,17-Jan,,
, Yeezy,350-V2-Blue-Tint,330,220,,,,Adidas,17-Jan,,
, Yeezy,350-V2-Blue-Tint,360,220,,,,Adidas,17-Jan,,
, Yeezy,350-V2-Blue-Tint,390,220,,,,Adidas,17-Jan,,
, Yeezy,350-V2-Blue-Tint,363,220,,,,Adidas,17-Jan,,
, Yeezy,350-V2-Blue-Tint,349,220,,,,Adidas,17-Jan,,
, Yeezy,350-V2-Blue-Tint,324,220,,,,Adidas,17-Jan,,
, Yeezy,350-V2-Blue-Tint,353,220,,,,Adidas,17-Jan,,
, Yeezy,350-V2-Blue-Tint,359,220,,,,Adidas,17-Jan,,
, Yeezy,350-V2-Blue-Tint,340,220,,,,Adidas,17-Jan,,
, Yeezy,350-V2-Blue-Tint,370,220,,,,Adidas,17-Jan,,
, Yeezy,350-V2-Blue-Tint,370,220,,,,Adidas,17-Jan,,
, Yeezy,350-V2-Blue-Tint,370,220,,,,Adidas,17-Jan,,
, Yeezy,350-V2-Blue-Tint,364,220,,,,Adidas,17-Jan,,
, Yeezy,350-V2-Blue-Tint,325,220,,,,Adidas,17-Jan,,
, Yeezy,350-V2-Blue-Tint,385,220,,,,Adidas,17-Jan,,
, Yeezy,350-V2-Blue-Tint,332,220,,,,Adidas,17-Jan,,
, Yeezy,350-V2-Blue-Tint,370,220,,,,Adidas,17-Jan,,
, Yeezy,350-V2-Blue-Tint,351,220,,,,Adidas,17-Jan,,
, Yeezy,350-V2-Blue-Tint,350,220,,,,Adidas,17-Jan,,
, Yeezy,350-V2-Blue-Tint,394,220,,,,Adidas,17-Jan,,
, Yeezy,350-V2-Blue-Tint,380,220,,,,Adidas,17-Jan,,
, Yeezy,350-V2-Blue-Tint,390,220,,,,Adidas,17-Jan,,
, Yeezy,350-V2-Blue-Tint,330,220,,,,Adidas,17-Jan,,
, Yeezy,350-V2-Blue-Tint,360,220,,,,Adidas,17-Jan,,
, Yeezy,350-V2-Blue-Tint,390,220,,,,Adidas,17-Jan,,
, Yeezy,350-V2-Blue-Tint,375,220,,,,Adidas,17-Jan,,
, Yeezy,350-V2-Blue-Tint,370,220,,,,Adidas,17-Jan,,
, Yeezy,350-V2-Blue-Tint,360,220,,,,Adidas,17-Jan,,
, Yeezy,350-V2-Blue-Tint,340,220,,,,Adidas,17-Jan,,
, Yeezy,350-V2-Blue-Tint,340,220,,,,Adidas,17-Jan,,
, Yeezy,350-V2-Blue-Tint,360,220,,,,Adidas,17-Jan,,
, Yeezy,350-V2-Blue-Tint,330,220,,,,Adidas,17-Jan,,
, Yeezy,350-V2-Blue-Tint,370,220,,,,Adidas,17-Jan,,
, Yeezy,350-V2-Blue-Tint,368,220,,,,Adidas,17-Jan,,
, Yeezy,350-V2-Blue-Tint,355,220,,,,Adidas,17-Jan,,
, Yeezy,350-V2-Blue-Tint,338,220,,,,Adidas,17-Jan,,
, Yeezy,350-V2-Blue-Tint,370,220,,,,Adidas,17-Jan,,
, Yeezy,350-V2-Blue-Tint,360,220,,,,Adidas,17-Jan,,
, Yeezy,350-V2-Blue-Tint,365,220,,,,Adidas,17-Jan,,
, Yeezy,350-V2-Blue-Tint,340,220,,,,Adidas,17-Jan,,
, Yeezy,350-V2-Blue-Tint,335,220,,,,Adidas,17-Jan,,
, Yeezy,350-V2-Blue-Tint,353,220,,,,Adidas,17-Jan,,
, Yeezy,350-V2-Blue-Tint,350,220,,,,Adidas,17-Jan,,
, Yeezy,350-V2-Blue-Tint,350,220,,,,Adidas,17-Jan,,
, Yeezy,350-V2-Blue-Tint,340,220,,,,Adidas,17-Jan,,
, Yeezy,350-V2-Blue-Tint,380,220,,,,Adidas,17-Jan,,
, Yeezy,350-V2-Blue-Tint,340,220,,,,Adidas,17-Jan,,
, Yeezy,350-V2-Blue-Tint,355,220,,,,Adidas,17-Jan,,
, Yeezy,350-V2-Blue-Tint,354,220,,,,Adidas,17-Jan,,
, Yeezy,350-V2-Blue-Tint,354,220,,,,Adidas,17-Jan,,
, Yeezy,350-V2-Blue-Tint,385,220,,,,Adidas,17-Jan,,
, Yeezy,350-V2-Blue-Tint,338,220,,,,Adidas,17-Jan,,
, Yeezy,350-V2-Core-Black-Copper,615,220,,,,Adidas,17-Jan,,
, Yeezy,350-V2-Core-Black-Red-2017,800,220,,,,Adidas,17-Jan,,
, Yeezy,350-V2-Core-Black-Red-2017,725,220,,,,Adidas,17-Jan,,
, Yeezy,350-V2-Core-Black-White,700,220,,,,Adidas,17-Jan,,
, Yeezy,350-V2-Core-Black-White,730,220,,,,Adidas,17-Jan,,
, Yeezy,350-V2-Cream-White,490,220,,,,Adidas,17-Jan,,
, Yeezy,350-V2-Cream-White,475,220,,,,Adidas,17-Jan,,
, Yeezy,350-V2-Cream-White,445,220,,,,Adidas,17-Jan,,
, Yeezy,350-V2-Semi-Frozen-Yellow,590,220,,,,Adidas,17-Jan,,
, Yeezy,350-V2-Semi-Frozen-Yellow,682,220,,,,Adidas,17-Jan,,
, Yeezy,350-V2-Semi-Frozen-Yellow,650,220,,,,Adidas,17-Jan,,
, Yeezy,350-V2-Semi-Frozen-Yellow,797,220,,,,Adidas,17-Jan,,
, Yeezy,350-V2-Zebra,525,220,,,,Adidas,17-Jan,,
, Yeezy,350-V2-Zebra,579,220,,,,Adidas,17-Jan,,
, Yeezy,350-V2-Zebra,511,220,,,,Adidas,17-Jan,,
, Yeezy,350-V2-Zebra,520,220,,,,Adidas,17-Jan,,
, Yeezy,350-Low-Oxford-Tan,1261,200,,,,Adidas,18-Jan,,
, Yeezy,350-Low-Pirate-Black-2015,846,200,,,,Adidas,18-Jan,,
, Yeezy,350-Low-V2-Beluga,875,220,,,,Adidas,18-Jan,,
, Yeezy,350-V2-Beluga-2pt0,398,220,,,,Adidas,18-Jan,,
, Yeezy,350-V2-Beluga-2pt0,411,220,,,,Adidas,18-Jan,,
, Yeezy,350-V2-Beluga-2pt0,366,220,,,,Adidas,18-Jan,,
, Yeezy,350-V2-Beluga-2pt0,372,220,,,,Adidas,18-Jan,,
, Yeezy,350-V2-Beluga-2pt0,360,220,,,,Adidas,18-Jan,,
, Yeezy,350-V2-Beluga-2pt0,371,220,,,,Adidas,18-Jan,,
, Yeezy,350-V2-Beluga-2pt0,372,220,,,,Adidas,18-Jan,,
, Yeezy,350-V2-Beluga-2pt0,385,220,,,,Adidas,18-Jan,,
, Yeezy,350-V2-Beluga-2pt0,365,220,,,,Adidas,18-Jan,,
, Yeezy,350-V2-Beluga-2pt0,404,220,,,,Adidas,18-Jan,,
, Yeezy,350-V2-Beluga-2pt0,398,220,,,,Adidas,18-Jan,,
, Yeezy,350-V2-Beluga-2pt0,391,220,,,,Adidas,18-Jan,,
, Yeezy,350-V2-Beluga-2pt0,360,220,,,,Adidas,18-Jan,,
, Yeezy,350-V2-Beluga-2pt0,350,220,,,,Adidas,18-Jan,,
, Yeezy,350-V2-Beluga-2pt0,381,220,,,,Adidas,18-Jan,,
, Yeezy,350-V2-Beluga-2pt0,361,220,,,,Adidas,18-Jan,,
, Yeezy,350-V2-Beluga-2pt0,375,220,,,,Adidas,18-Jan,,
, Yeezy,350-V2-Beluga-2pt0,350,220,,,,Adidas,18-Jan,,
, Yeezy,350-V2-Beluga-2pt0,380,220,,,,Adidas,18-Jan,,
, Yeezy,350-V2-Beluga-2pt0,355,220,,,,Adidas,18-Jan,,
, Yeezy,350-V2-Beluga-2pt0,382,220,,,,Adidas,18-Jan,,
, Yeezy,350-V2-Beluga-2pt0,400,220,,,,Adidas,18-Jan,,
, Yeezy,350-V2-Beluga-2pt0,384,220,,,,Adidas,18-Jan,,
, Yeezy,350-V2-Beluga-2pt0,338,220,,,,Adidas,18-Jan,,
, Yeezy,350-V2-Beluga-2pt0,370,220,,,,Adidas,18-Jan,,
, Yeezy,350-V2-Beluga-2pt0,398,220,,,,Adidas,18-Jan,,
, Yeezy,350-V2-Beluga-2pt0,402,220,,,,Adidas,18-Jan,,
, Yeezy,350-V2-Blue-Tint,369,220,,,,Adidas,18-Jan,,
, Yeezy,350-V2-Blue-Tint,370,220,,,,Adidas,18-Jan,,
, Yeezy,350-V2-Blue-Tint,364,220,,,,Adidas,18-Jan,,
, Yeezy,350-V2-Blue-Tint,360,220,,,,Adidas,18-Jan,,
, Yeezy,350-V2-Blue-Tint,365,220,,,,Adidas,18-Jan,,
, Yeezy,350-V2-Blue-Tint,350,220,,,,Adidas,18-Jan,,
, Yeezy,350-V2-Blue-Tint,345,220,,,,Adidas,18-Jan,,
, Yeezy,350-V2-Blue-Tint,342,220,,,,Adidas,18-Jan,,
, Yeezy,350-V2-Blue-Tint,385,220,,,,Adidas,18-Jan,,
, Yeezy,350-V2-Blue-Tint,370,220,,,,Adidas,18-Jan,,
, Yeezy,350-V2-Blue-Tint,367,220,,,,Adidas,18-Jan,,
, Yeezy,350-V2-Blue-Tint,335,220,,,,Adidas,18-Jan,,
, Yeezy,350-V2-Blue-Tint,353,220,,,,Adidas,18-Jan,,
, Yeezy,350-V2-Blue-Tint,362,220,,,,Adidas,18-Jan,,
, Yeezy,350-V2-Blue-Tint,348,220,,,,Adidas,18-Jan,,
, Yeezy,350-V2-Blue-Tint,326,220,,,,Adidas,18-Jan,,
, Yeezy,350-V2-Blue-Tint,385,220,,,,Adidas,18-Jan,,
, Yeezy,350-V2-Blue-Tint,326,220,,,,Adidas,18-Jan,,
, Yeezy,350-V2-Blue-Tint,379,220,,,,Adidas,18-Jan,,
, Yeezy,350-V2-Blue-Tint,369,220,,,,Adidas,18-Jan,,
, Yeezy,350-V2-Blue-Tint,369,220,,,,Adidas,18-Jan,,
, Yeezy,350-V2-Blue-Tint,349,220,,,,Adidas,18-Jan,,
, Yeezy,350-V2-Blue-Tint,340,220,,,,Adidas,18-Jan,,
, Yeezy,350-V2-Blue-Tint,349,220,,,,Adidas,18-Jan,,
, Yeezy,350-V2-Blue-Tint,375,220,,,,Adidas,18-Jan,,
, Yeezy,350-V2-Blue-Tint,339,220,,,,Adidas,18-Jan,,
, Yeezy,350-V2-Blue-Tint,360,220,,,,Adidas,18-Jan,,
, Yeezy,350-V2-Blue-Tint,370,220,,,,Adidas,18-Jan,,
, Yeezy,350-V2-Blue-Tint,345,220,,,,Adidas,18-Jan,,
, Yeezy,350-V2-Blue-Tint,367,220,,,,Adidas,18-Jan,,
, Yeezy,350-V2-Blue-Tint,349,220,,,,Adidas,18-Jan,,
, Yeezy,350-V2-Blue-Tint,361,220,,,,Adidas,18-Jan,,
, Yeezy,350-V2-Blue-Tint,370,220,,,,Adidas,18-Jan,,
, Yeezy,350-V2-Blue-Tint,360,220,,,,Adidas,18-Jan,,
, Yeezy,350-V2-Blue-Tint,340,220,,,,Adidas,18-Jan,,
, Yeezy,350-V2-Blue-Tint,340,220,,,,Adidas,18-Jan,,
, Yeezy,350-V2-Blue-Tint,369,220,,,,Adidas,18-Jan,,
, Yeezy,350-V2-Blue-Tint,375,220,,,,Adidas,18-Jan,,
, Yeezy,350-V2-Blue-Tint,374,220,,,,Adidas,18-Jan,,
, Yeezy,350-V2-Blue-Tint,335,220,,,,Adidas,18-Jan,,
, Yeezy,350-V2-Blue-Tint,387,220,,,,Adidas,18-Jan,,
, Yeezy,350-V2-Blue-Tint,351,220,,,,Adidas,18-Jan,,
, Yeezy,350-V2-Blue-Tint,365,220,,,,Adidas,18-Jan,,
, Yeezy,350-V2-Blue-Tint,339,220,,,,Adidas,18-Jan,,
, Yeezy,350-V2-Blue-Tint,380,220,,,,Adidas,18-Jan,,
, Yeezy,350-V2-Blue-Tint,390,220,,,,Adidas,18-Jan,,
, Yeezy,350-V2-Blue-Tint,365,220,,,,Adidas,18-Jan,,
, Yeezy,350-V2-Blue-Tint,379,220,,,,Adidas,18-Jan,,
, Yeezy,350-V2-Blue-Tint,374,220,,,,Adidas,18-Jan,,
, Yeezy,350-V2-Blue-Tint,369,220,,,,Adidas,18-Jan,,
, Yeezy,350-V2-Blue-Tint,352,220,,,,Adidas,18-Jan,,
, Yeezy,350-V2-Blue-Tint,326,220,,,,Adidas,18-Jan,,
, Yeezy,350-V2-Blue-Tint,340,220,,,,Adidas,18-Jan,,
, Yeezy,350-V2-Blue-Tint,340,220,,,,Adidas,18-Jan,,
, Yeezy,350-V2-Blue-Tint,362,220,,,,Adidas,18-Jan,,
, Yeezy,350-V2-Blue-Tint,345,220,,,,Adidas,18-Jan,,
, Yeezy,350-V2-Core-Black-Green,603,220,,,,Adidas,18-Jan,,
, Yeezy,350-V2-Core-Black-Red,881,220,,,,Adidas,18-Jan,,
, Yeezy,350-V2-Core-Black-Red-2017,900,220,,,,Adidas,18-Jan,,
, Yeezy,350-V2-Core-Black-Red-2017,770,220,,,,Adidas,18-Jan,,
, Yeezy,350-V2-Core-Black-Red-2017,795,220,,,,Adidas,18-Jan,,
, Yeezy,350-V2-Core-Black-White,760,220,,,,Adidas,18-Jan,,
, Yeezy,350-V2-Core-Black-White,719,220,,,,Adidas,18-Jan,,
, Yeezy,350-V2-Cream-White,435,220,,,,Adidas,18-Jan,,
, Yeezy,350-V2-Cream-White,426,220,,,,Adidas,18-Jan,,
, Yeezy,350-V2-Cream-White,480,220,,,,Adidas,18-Jan,,
, Yeezy,350-V2-Cream-White,440,220,,,,Adidas,18-Jan,,
, Yeezy,350-V2-Semi-Frozen-Yellow,571,220,,,,Adidas,18-Jan,,
, Yeezy,350-V2-Semi-Frozen-Yellow,700,220,,,,Adidas,18-Jan,,
, Yeezy,350-V2-Semi-Frozen-Yellow,781,220,,,,Adidas,18-Jan,,
, Yeezy,350-V2-Semi-Frozen-Yellow,775,220,,,,Adidas,18-Jan,,
, Yeezy,350-V2-Semi-Frozen-Yellow,660,220,,,,Adidas,18-Jan,,
, Yeezy,350-V2-Semi-Frozen-Yellow,616,220,,,,Adidas,18-Jan,,
, Yeezy,350-V2-Zebra,508,220,,,,Adidas,18-Jan,,
, Yeezy,350-V2-Zebra,620,220,,,,Adidas,18-Jan,,
, Yeezy,350-V2-Zebra,580,220,,,,Adidas,18-Jan,,
, Yeezy,350-V2-Zebra,512,220,,,,Adidas,18-Jan,,
, Yeezy,350-V2-Zebra,536,220,,,,Adidas,18-Jan,,
, Yeezy,350-V2-Zebra,536,220,,,,Adidas,18-Jan,,
, Yeezy,350-V2-Zebra,540,220,,,,Adidas,18-Jan,,
, Yeezy,350-V2-Zebra,582,220,,,,Adidas,18-Jan,,
, Yeezy,350-Low-Moonrock,1140,200,,,,Adidas,19-Jan,,
, Yeezy,350-Low-Pirate-Black-2015,820,200,,,,Adidas,19-Jan,,
, Yeezy,350-Low-Pirate-Black-2015,950,200,,,,Adidas,19-Jan,,
, Yeezy,350-Low-Pirate-Black-2016,1000,200,,,,Adidas,19-Jan,,
, Yeezy,350-Low-V2-Beluga,710,220,,,,Adidas,19-Jan,,
, Yeezy,350-V2-Beluga-2pt0,420,220,,,,Adidas,19-Jan,,
, Yeezy,350-V2-Beluga-2pt0,435,220,,,,Adidas,19-Jan,,
, Yeezy,350-V2-Beluga-2pt0,418,220,,,,Adidas,19-Jan,,
, Yeezy,350-V2-Beluga-2pt0,373,220,,,,Adidas,19-Jan,,
, Yeezy,350-V2-Beluga-2pt0,370,220,,,,Adidas,19-Jan,,
, Yeezy,350-V2-Beluga-2pt0,385,220,,,,Adidas,19-Jan,,
, Yeezy,350-V2-Beluga-2pt0,416,220,,,,Adidas,19-Jan,,
, Yeezy,350-V2-Beluga-2pt0,335,220,,,,Adidas,19-Jan,,
, Yeezy,350-V2-Beluga-2pt0,490,220,,,,Adidas,19-Jan,,
, Yeezy,350-V2-Beluga-2pt0,400,220,,,,Adidas,19-Jan,,
, Yeezy,350-V2-Beluga-2pt0,385,220,,,,Adidas,19-Jan,,
, Yeezy,350-V2-Beluga-2pt0,425,220,,,,Adidas,19-Jan,,
, Yeezy,350-V2-Beluga-2pt0,445,220,,,,Adidas,19-Jan,,
, Yeezy,350-V2-Beluga-2pt0,315,220,,,,Adidas,19-Jan,,
, Yeezy,350-V2-Beluga-2pt0,367,220,,,,Adidas,19-Jan,,
, Yeezy,350-V2-Beluga-2pt0,330,220,,,,Adidas,19-Jan,,
, Yeezy,350-V2-Beluga-2pt0,365,220,,,,Adidas,19-Jan,,
, Yeezy,350-V2-Beluga-2pt0,392,220,,,,Adidas,19-Jan,,
, Yeezy,350-V2-Beluga-2pt0,395,220,,,,Adidas,19-Jan,,
, Yeezy,350-V2-Beluga-2pt0,305,220,,,,Adidas,19-Jan,,
, Yeezy,350-V2-Beluga-2pt0,400,220,,,,Adidas,19-Jan,,
, Yeezy,350-V2-Beluga-2pt0,350,220,,,,Adidas,19-Jan,,
, Yeezy,350-V2-Beluga-2pt0,354,220,,,,Adidas,19-Jan,,
, Yeezy,350-V2-Beluga-2pt0,406,220,,,,Adidas,19-Jan,,
, Yeezy,350-V2-Beluga-2pt0,340,220,,,,Adidas,19-Jan,,
, Yeezy,350-V2-Beluga-2pt0,380,220,,,,Adidas,19-Jan,,
, Yeezy,350-V2-Beluga-2pt0,435,220,,,,Adidas,19-Jan,,
, Yeezy,350-V2-Beluga-2pt0,385,220,,,,Adidas,19-Jan,,
, Yeezy,350-V2-Blue-Tint,389,220,,,,Adidas,19-Jan,,
, Yeezy,350-V2-Blue-Tint,394,220,,,,Adidas,19-Jan,,
, Yeezy,350-V2-Blue-Tint,385,220,,,,Adidas,19-Jan,,
, Yeezy,350-V2-Blue-Tint,365,220,,,,Adidas,19-Jan,,
, Yeezy,350-V2-Blue-Tint,371,220,,,,Adidas,19-Jan,,
, Yeezy,350-V2-Blue-Tint,370,220,,,,Adidas,19-Jan,,
, Yeezy,350-V2-Blue-Tint,377,220,,,,Adidas,19-Jan,,
, Yeezy,350-V2-Blue-Tint,350,220,,,,Adidas,19-Jan,,
, Yeezy,350-V2-Blue-Tint,410,220,,,,Adidas,19-Jan,,
, Yeezy,350-V2-Blue-Tint,331,220,,,,Adidas,19-Jan,,
, Yeezy,350-V2-Blue-Tint,370,220,,,,Adidas,19-Jan,,
, Yeezy,350-V2-Blue-Tint,384,220,,,,Adidas,19-Jan,,
, Yeezy,350-V2-Blue-Tint,364,220,,,,Adidas,19-Jan,,
, Yeezy,350-V2-Blue-Tint,380,220,,,,Adidas,19-Jan,,
, Yeezy,350-V2-Blue-Tint,385,220,,,,Adidas,19-Jan,,
, Yeezy,350-V2-Blue-Tint,395,220,,,,Adidas,19-Jan,,
, Yeezy,350-V2-Blue-Tint,374,220,,,,Adidas,19-Jan,,
, Yeezy,350-V2-Blue-Tint,354,220,,,,Adidas,19-Jan,,
, Yeezy,350-V2-Blue-Tint,345,220,,,,Adidas,19-Jan,,
, Yeezy,350-V2-Blue-Tint,350,220,,,,Adidas,19-Jan,,
, Yeezy,350-V2-Blue-Tint,343,220,,,,Adidas,19-Jan,,
, Yeezy,350-V2-Blue-Tint,347,220,,,,Adidas,19-Jan,,
, Yeezy,350-V2-Blue-Tint,351,220,,,,Adidas,19-Jan,,
, Yeezy,350-V2-Blue-Tint,365,220,,,,Adidas,19-Jan,,
, Yeezy,350-V2-Blue-Tint,355,220,,,,Adidas,19-Jan,,
, Yeezy,350-V2-Blue-Tint,343,220,,,,Adidas,19-Jan,,
, Yeezy,350-V2-Blue-Tint,373,220,,,,Adidas,19-Jan,,
, Yeezy,350-V2-Blue-Tint,364,220,,,,Adidas,19-Jan,,
, Yeezy,350-V2-Blue-Tint,365,220,,,,Adidas,19-Jan,,
, Yeezy,350-V2-Blue-Tint,350,220,,,,Adidas,19-Jan,,
, Yeezy,350-V2-Blue-Tint,358,220,,,,Adidas,19-Jan,,
, Yeezy,350-V2-Blue-Tint,341,220,,,,Adidas,19-Jan,,
, Yeezy,350-V2-Blue-Tint,395,220,,,,Adidas,19-Jan,,
, Yeezy,350-V2-Blue-Tint,369,220,,,,Adidas,19-Jan,,
, Yeezy,350-V2-Blue-Tint,380,220,,,,Adidas,19-Jan,,
, Yeezy,350-V2-Blue-Tint,380,220,,,,Adidas,19-Jan,,
, Yeezy,350-V2-Blue-Tint,380,220,,,,Adidas,19-Jan,,
, Yeezy,350-V2-Blue-Tint,366,220,,,,Adidas,19-Jan,,
, Yeezy,350-V2-Blue-Tint,335,220,,,,Adidas,19-Jan,,
, Yeezy,350-V2-Blue-Tint,342,220,,,,Adidas,19-Jan,,
, Yeezy,350-V2-Blue-Tint,375,220,,,,Adidas,19-Jan,,
, Yeezy,350-V2-Blue-Tint,380,220,,,,Adidas,19-Jan,,
, Yeezy,350-V2-Blue-Tint,338,220,,,,Adidas,19-Jan,,
, Yeezy,350-V2-Blue-Tint,336,220,,,,Adidas,19-Jan,,
, Yeezy,350-V2-Blue-Tint,355,220,,,,Adidas,19-Jan,,
, Yeezy,350-V2-Blue-Tint,344,220,,,,Adidas,19-Jan,,
, Yeezy,350-V2-Blue-Tint,370,220,,,,Adidas,19-Jan,,
, Yeezy,350-V2-Blue-Tint,380,220,,,,Adidas,19-Jan,,
, Yeezy,350-V2-Blue-Tint,346,220,,,,Adidas,19-Jan,,
, Yeezy,350-V2-Blue-Tint,359,220,,,,Adidas,19-Jan,,
, Yeezy,350-V2-Blue-Tint,410,220,,,,Adidas,19-Jan,,
, Yeezy,350-V2-Blue-Tint,340,220,,,,Adidas,19-Jan,,
, Yeezy,350-V2-Blue-Tint,340,220,,,,Adidas,19-Jan,,
, Yeezy,350-V2-Blue-Tint,370,220,,,,Adidas,19-Jan,,
, Yeezy,350-V2-Blue-Tint,331,220,,,,Adidas,19-Jan,,
, Yeezy,350-V2-Blue-Tint,384,220,,,,Adidas,19-Jan,,
, Yeezy,350-V2-Blue-Tint,343,220,,,,Adidas,19-Jan,,
, Yeezy,350-V2-Blue-Tint,380,220,,,,Adidas,19-Jan,,
, Yeezy,350-V2-Core-Black-Copper,688,220,,,,Adidas,19-Jan,,
, Yeezy,350-V2-Core-Black-Green,601,220,,,,Adidas,19-Jan,,
, Yeezy,350-V2-Core-Black-Red,968,220,,,,Adidas,19-Jan,,
, Yeezy,350-V2-Core-Black-Red-2017,780,220,,,,Adidas,19-Jan,,
, Yeezy,350-V2-Core-Black-Red-2017,880,220,,,,Adidas,19-Jan,,
, Yeezy,350-V2-Core-Black-Red-2017,792,220,,,,Adidas,19-Jan,,
, Yeezy,350-V2-Core-Black-White,797,220,,,,Adidas,19-Jan,,
, Yeezy,350-V2-Core-Black-White,640,220,,,,Adidas,19-Jan,,
, Yeezy,350-V2-Cream-White,415,220,,,,Adidas,19-Jan,,
, Yeezy,350-V2-Cream-White,472,220,,,,Adidas,19-Jan,,
, Yeezy,350-V2-Cream-White,545,220,,,,Adidas,19-Jan,,
, Yeezy,350-V2-Cream-White,430,220,,,,Adidas,19-Jan,,
, Yeezy,350-V2-Cream-White,488,220,,,,Adidas,19-Jan,,
, Yeezy,350-V2-Semi-Frozen-Yellow,690,220,,,,Adidas,19-Jan,,
, Yeezy,350-V2-Semi-Frozen-Yellow,621,220,,,,Adidas,19-Jan,,
, Yeezy,350-V2-Semi-Frozen-Yellow,635,220,,,,Adidas,19-Jan,,
, Yeezy,350-V2-Semi-Frozen-Yellow,625,220,,,,Adidas,19-Jan,,
, Yeezy,350-V2-Semi-Frozen-Yellow,620,220,,,,Adidas,19-Jan,,
, Yeezy,350-V2-Zebra,540,220,,,,Adidas,19-Jan,,
, Yeezy,350-V2-Zebra,534,220,,,,Adidas,19-Jan,,
, Yeezy,350-V2-Zebra,630,220,,,,Adidas,19-Jan,,
, Yeezy,350-V2-Zebra,549,220,,,,Adidas,19-Jan,,
, Yeezy,350-V2-Zebra,585,220,,,,Adidas,19-Jan,,
, Yeezy,350-V2-Zebra,545,220,,,,Adidas,19-Jan,,
, Yeezy,350-V2-Zebra,550,220,,,,Adidas,19-Jan,,
, Yeezy,350-Low-Moonrock,1350,200,,,,Adidas,20-Jan,,
, Yeezy,350-Low-Oxford-Tan,1200,200,,,,Adidas,20-Jan,,
, Yeezy,350-Low-V2-Beluga,840,220,,,,Adidas,20-Jan,,
, Yeezy,350-Low-V2-Beluga,708,220,,,,Adidas,20-Jan,,
, Yeezy,350-V2-Beluga-2pt0,445,220,,,,Adidas,20-Jan,,
, Yeezy,350-V2-Beluga-2pt0,360,220,,,,Adidas,20-Jan,,
, Yeezy,350-V2-Beluga-2pt0,400,220,,,,Adidas,20-Jan,,
, Yeezy,350-V2-Beluga-2pt0,418,220,,,,Adidas,20-Jan,,
, Yeezy,350-V2-Beluga-2pt0,360,220,,,,Adidas,20-Jan,,
, Yeezy,350-V2-Beluga-2pt0,416,220,,,,Adidas,20-Jan,,
, Yeezy,350-V2-Beluga-2pt0,396,220,,,,Adidas,20-Jan,,
, Yeezy,350-V2-Beluga-2pt0,370,220,,,,Adidas,20-Jan,,
, Yeezy,350-V2-Beluga-2pt0,325,220,,,,Adidas,20-Jan,,
, Yeezy,350-V2-Beluga-2pt0,393,220,,,,Adidas,20-Jan,,
, Yeezy,350-V2-Beluga-2pt0,355,220,,,,Adidas,20-Jan,,
, Yeezy,350-V2-Beluga-2pt0,429,220,,,,Adidas,20-Jan,,
, Yeezy,350-V2-Beluga-2pt0,425,220,,,,Adidas,20-Jan,,
, Yeezy,350-V2-Beluga-2pt0,390,220,,,,Adidas,20-Jan,,
, Yeezy,350-V2-Beluga-2pt0,386,220,,,,Adidas,20-Jan,,
, Yeezy,350-V2-Beluga-2pt0,420,220,,,,Adidas,20-Jan,,
, Yeezy,350-V2-Beluga-2pt0,428,220,,,,Adidas,20-Jan,,
, Yeezy,350-V2-Beluga-2pt0,380,220,,,,Adidas,20-Jan,,
, Yeezy,350-V2-Beluga-2pt0,392,220,,,,Adidas,20-Jan,,
, Yeezy,350-V2-Beluga-2pt0,421,220,,,,Adidas,20-Jan,,
, Yeezy,350-V2-Beluga-2pt0,403,220,,,,Adidas,20-Jan,,
, Yeezy,350-V2-Beluga-2pt0,360,220,,,,Adidas,20-Jan,,
, Yeezy,350-V2-Beluga-2pt0,390,220,,,,Adidas,20-Jan,,
, Yeezy,350-V2-Blue-Tint,370,220,,,,Adidas,20-Jan,,
, Yeezy,350-V2-Blue-Tint,369,220,,,,Adidas,20-Jan,,
, Yeezy,350-V2-Blue-Tint,385,220,,,,Adidas,20-Jan,,
, Yeezy,350-V2-Blue-Tint,338,220,,,,Adidas,20-Jan,,
, Yeezy,350-V2-Blue-Tint,343,220,,,,Adidas,20-Jan,,
, Yeezy,350-V2-Blue-Tint,360,220,,,,Adidas,20-Jan,,
, Yeezy,350-V2-Blue-Tint,344,220,,,,Adidas,20-Jan,,
, Yeezy,350-V2-Blue-Tint,343,220,,,,Adidas,20-Jan,,
, Yeezy,350-V2-Blue-Tint,344,220,,,,Adidas,20-Jan,,
, Yeezy,350-V2-Blue-Tint,343,220,,,,Adidas,20-Jan,,
, Yeezy,350-V2-Blue-Tint,375,220,,,,Adidas,20-Jan,,
, Yeezy,350-V2-Blue-Tint,380,220,,,,Adidas,20-Jan,,
, Yeezy,350-V2-Blue-Tint,379,220,,,,Adidas,20-Jan,,
, Yeezy,350-V2-Blue-Tint,355,220,,,,Adidas,20-Jan,,
, Yeezy,350-V2-Blue-Tint,380,220,,,,Adidas,20-Jan,,
, Yeezy,350-V2-Blue-Tint,359,220,,,,Adidas,20-Jan,,
, Yeezy,350-V2-Blue-Tint,358,220,,,,Adidas,20-Jan,,
, Yeezy,350-V2-Blue-Tint,400,220,,,,Adidas,20-Jan,,
, Yeezy,350-V2-Blue-Tint,340,220,,,,Adidas,20-Jan,,
, Yeezy,350-V2-Blue-Tint,384,220,,,,Adidas,20-Jan,,
, Yeezy,350-V2-Blue-Tint,384,220,,,,Adidas,20-Jan,,
, Yeezy,350-V2-Blue-Tint,394,220,,,,Adidas,20-Jan,,
, Yeezy,350-V2-Blue-Tint,342,220,,,,Adidas,20-Jan,,
, Yeezy,350-V2-Blue-Tint,359,220,,,,Adidas,20-Jan,,
, Yeezy,350-V2-Blue-Tint,378,220,,,,Adidas,20-Jan,,
, Yeezy,350-V2-Blue-Tint,371,220,,,,Adidas,20-Jan,,
, Yeezy,350-V2-Blue-Tint,330,220,,,,Adidas,20-Jan,,
, Yeezy,350-V2-Blue-Tint,355,220,,,,Adidas,20-Jan,,
, Yeezy,350-V2-Blue-Tint,376,220,,,,Adidas,20-Jan,,
, Yeezy,350-V2-Blue-Tint,355,220,,,,Adidas,20-Jan,,
, Yeezy,350-V2-Blue-Tint,355,220,,,,Adidas,20-Jan,,
, Yeezy,350-V2-Blue-Tint,375,220,,,,Adidas,20-Jan,,
, Yeezy,350-V2-Blue-Tint,369,220,,,,Adidas,20-Jan,,
, Yeezy,350-V2-Blue-Tint,385,220,,,,Adidas,20-Jan,,
, Yeezy,350-V2-Blue-Tint,342,220,,,,Adidas,20-Jan,,
, Yeezy,350-V2-Blue-Tint,360,220,,,,Adidas,20-Jan,,
, Yeezy,350-V2-Blue-Tint,377,220,,,,Adidas,20-Jan,,
, Yeezy,350-V2-Blue-Tint,384,220,,,,Adidas,20-Jan,,
, Yeezy,350-V2-Blue-Tint,354,220,,,,Adidas,20-Jan,,
, Yeezy,350-V2-Blue-Tint,350,220,,,,Adidas,20-Jan,,
, Yeezy,350-V2-Blue-Tint,378,220,,,,Adidas,20-Jan,,
, Yeezy,350-V2-Blue-Tint,385,220,,,,Adidas,20-Jan,,
, Yeezy,350-V2-Blue-Tint,350,220,,,,Adidas,20-Jan,,
, Yeezy,350-V2-Blue-Tint,365,220,,,,Adidas,20-Jan,,
, Yeezy,350-V2-Blue-Tint,373,220,,,,Adidas,20-Jan,,
, Yeezy,350-V2-Blue-Tint,350,220,,,,Adidas,20-Jan,,
, Yeezy,350-V2-Blue-Tint,378,220,,,,Adidas,20-Jan,,
, Yeezy,350-V2-Blue-Tint,359,220,,,,Adidas,20-Jan,,
, Yeezy,350-V2-Blue-Tint,358,220,,,,Adidas,20-Jan,,
, Yeezy,350-V2-Blue-Tint,359,220,,,,Adidas,20-Jan,,
, Yeezy,350-V2-Blue-Tint,392,220,,,,Adidas,20-Jan,,
, Yeezy,350-V2-Core-Black-Red-2017,885,220,,,,Adidas,20-Jan,,
, Yeezy,350-V2-Core-Black-Red-2017,750,220,,,,Adidas,20-Jan,,
, Yeezy,350-V2-Core-Black-White,769,220,,,,Adidas,20-Jan,,
, Yeezy,350-V2-Cream-White,436,220,,,,Adidas,20-Jan,,
, Yeezy,350-V2-Cream-White,425,220,,,,Adidas,20-Jan,,
, Yeezy,350-V2-Cream-White,619,220,,,,Adidas,20-Jan,,
, Yeezy,350-V2-Semi-Frozen-Yellow,630,220,,,,Adidas,20-Jan,,
, Yeezy,350-V2-Semi-Frozen-Yellow,610,220,,,,Adidas,20-Jan,,
, Yeezy,350-V2-Semi-Frozen-Yellow,600,220,,,,Adidas,20-Jan,,
, Yeezy,350-V2-Semi-Frozen-Yellow,713,220,,,,Adidas,20-Jan,,
, Yeezy,350-V2-Semi-Frozen-Yellow,615,220,,,,Adidas,20-Jan,,
, Yeezy,350-V2-Zebra,580,220,,,,Adidas,20-Jan,,
, Yeezy,350-V2-Zebra,594,220,,,,Adidas,20-Jan,,
, Yeezy,350-V2-Zebra,565,220,,,,Adidas,20-Jan,,
, Yeezy,350-Low-Pirate-Black-2015,875,200,,,,Adidas,21-Jan,,
, Yeezy,350-V2-Beluga-2pt0,415,220,,,,Adidas,21-Jan,,
, Yeezy,350-V2-Beluga-2pt0,364,220,,,,Adidas,21-Jan,,
, Yeezy,350-V2-Beluga-2pt0,386,220,,,,Adidas,21-Jan,,
, Yeezy,350-V2-Beluga-2pt0,390,220,,,,Adidas,21-Jan,,
, Yeezy,350-V2-Beluga-2pt0,420,220,,,,Adidas,21-Jan,,
, Yeezy,350-V2-Beluga-2pt0,395,220,,,,Adidas,21-Jan,,
, Yeezy,350-V2-Beluga-2pt0,360,220,,,,Adidas,21-Jan,,
, Yeezy,350-V2-Beluga-2pt0,371,220,,,,Adidas,21-Jan,,
, Yeezy,350-V2-Beluga-2pt0,390,220,,,,Adidas,21-Jan,,
, Yeezy,350-V2-Beluga-2pt0,366,220,,,,Adidas,21-Jan,,
, Yeezy,350-V2-Beluga-2pt0,350,220,,,,Adidas,21-Jan,,
, Yeezy,350-V2-Beluga-2pt0,420,220,,,,Adidas,21-Jan,,
, Yeezy,350-V2-Beluga-2pt0,310,220,,,,Adidas,21-Jan,,
, Yeezy,350-V2-Beluga-2pt0,380,220,,,,Adidas,21-Jan,,
, Yeezy,350-V2-Beluga-2pt0,395,220,,,,Adidas,21-Jan,,
, Yeezy,350-V2-Beluga-2pt0,370,220,,,,Adidas,21-Jan,,
, Yeezy,350-V2-Beluga-2pt0,360,220,,,,Adidas,21-Jan,,
, Yeezy,350-V2-Beluga-2pt0,400,220,,,,Adidas,21-Jan,,
, Yeezy,350-V2-Beluga-2pt0,382,220,,,,Adidas,21-Jan,,
, Yeezy,350-V2-Beluga-2pt0,385,220,,,,Adidas,21-Jan,,
, Yeezy,350-V2-Beluga-2pt0,393,220,,,,Adidas,21-Jan,,
, Yeezy,350-V2-Blue-Tint,388,220,,,,Adidas,21-Jan,,
, Yeezy,350-V2-Blue-Tint,355,220,,,,Adidas,21-Jan,,
, Yeezy,350-V2-Blue-Tint,340,220,,,,Adidas,21-Jan,,
, Yeezy,350-V2-Blue-Tint,365,220,,,,Adidas,21-Jan,,
, Yeezy,350-V2-Blue-Tint,364,220,,,,Adidas,21-Jan,,
, Yeezy,350-V2-Blue-Tint,405,220,,,,Adidas,21-Jan,,
, Yeezy,350-V2-Blue-Tint,385,220,,,,Adidas,21-Jan,,
, Yeezy,350-V2-Blue-Tint,355,220,,,,Adidas,21-Jan,,
, Yeezy,350-V2-Blue-Tint,360,220,,,,Adidas,21-Jan,,
, Yeezy,350-V2-Blue-Tint,363,220,,,,Adidas,21-Jan,,
, Yeezy,350-V2-Blue-Tint,390,220,,,,Adidas,21-Jan,,
, Yeezy,350-V2-Blue-Tint,400,220,,,,Adidas,21-Jan,,
, Yeezy,350-V2-Blue-Tint,390,220,,,,Adidas,21-Jan,,
, Yeezy,350-V2-Blue-Tint,350,220,,,,Adidas,21-Jan,,
, Yeezy,350-V2-Blue-Tint,355,220,,,,Adidas,21-Jan,,
, Yeezy,350-V2-Blue-Tint,353,220,,,,Adidas,21-Jan,,
, Yeezy,350-V2-Blue-Tint,390,220,,,,Adidas,21-Jan,,
, Yeezy,350-V2-Blue-Tint,360,220,,,,Adidas,21-Jan,,
, Yeezy,350-V2-Blue-Tint,370,220,,,,Adidas,21-Jan,,
, Yeezy,350-V2-Blue-Tint,375,220,,,,Adidas,21-Jan,,
, Yeezy,350-V2-Blue-Tint,359,220,,,,Adidas,21-Jan,,
, Yeezy,350-V2-Blue-Tint,385,220,,,,Adidas,21-Jan,,
, Yeezy,350-V2-Blue-Tint,345,220,,,,Adidas,21-Jan,,
, Yeezy,350-V2-Blue-Tint,335,220,,,,Adidas,21-Jan,,
, Yeezy,350-V2-Blue-Tint,360,220,,,,Adidas,21-Jan,,
, Yeezy,350-V2-Blue-Tint,380,220,,,,Adidas,21-Jan,,
, Yeezy,350-V2-Blue-Tint,379,220,,,,Adidas,21-Jan,,
, Yeezy,350-V2-Blue-Tint,356,220,,,,Adidas,21-Jan,,
, Yeezy,350-V2-Blue-Tint,375,220,,,,Adidas,21-Jan,,
, Yeezy,350-V2-Blue-Tint,380,220,,,,Adidas,21-Jan,,
, Yeezy,350-V2-Blue-Tint,360,220,,,,Adidas,21-Jan,,
, Yeezy,350-V2-Blue-Tint,385,220,,,,Adidas,21-Jan,,
, Yeezy,350-V2-Blue-Tint,384,220,,,,Adidas,21-Jan,,
, Yeezy,350-V2-Blue-Tint,360,220,,,,Adidas,21-Jan,,
, Yeezy,350-V2-Blue-Tint,375,220,,,,Adidas,21-Jan,,
, Yeezy,350-V2-Blue-Tint,360,220,,,,Adidas,21-Jan,,
, Yeezy,350-V2-Blue-Tint,374,220,,,,Adidas,21-Jan,,
, Yeezy,350-V2-Blue-Tint,395,220,,,,Adidas,21-Jan,,
, Yeezy,350-V2-Blue-Tint,363,220,,,,Adidas,21-Jan,,
, Yeezy,350-V2-Blue-Tint,360,220,,,,Adidas,21-Jan,,
, Yeezy,350-V2-Blue-Tint,390,220,,,,Adidas,21-Jan,,
, Yeezy,350-V2-Core-Black-Green,570,220,,,,Adidas,21-Jan,,
, Yeezy,350-V2-Core-Black-Red,999,220,,,,Adidas,21-Jan,,
, Yeezy,350-V2-Core-Black-Red-2017,815,220,,,,Adidas,21-Jan,,
, Yeezy,350-V2-Core-Black-White,720,220,,,,Adidas,21-Jan,,
, Yeezy,350-V2-Cream-White,410,220,,,,Adidas,21-Jan,,
, Yeezy,350-V2-Cream-White,450,220,,,,Adidas,21-Jan,,
, Yeezy,350-V2-Cream-White,425,220,,,,Adidas,21-Jan,,
, Yeezy,350-V2-Cream-White,446,220,,,,Adidas,21-Jan,,
, Yeezy,350-V2-Cream-White,410,220,,,,Adidas,21-Jan,,
, Yeezy,350-V2-Semi-Frozen-Yellow,731,220,,,,Adidas,21-Jan,,
, Yeezy,350-V2-Semi-Frozen-Yellow,580,220,,,,Adidas,21-Jan,,
, Yeezy,350-V2-Zebra,475,220,,,,Adidas,21-Jan,,
, Yeezy,350-V2-Zebra,560,220,,,,Adidas,21-Jan,,
, Yeezy,350-V2-Zebra,578,220,,,,Adidas,21-Jan,,
, Yeezy,350-V2-Zebra,571,220,,,,Adidas,21-Jan,,
, Yeezy,350-Low-Moonrock,1140,200,,,,Adidas,22-Jan,,
, Yeezy,350-Low-Oxford-Tan,1090,200,,,,Adidas,22-Jan,,
, Yeezy,350-Low-Pirate-Black-2015,900,200,,,,Adidas,22-Jan,,
, Yeezy,350-Low-V2-Beluga,870,220,,,,Adidas,22-Jan,,
, Yeezy,350-Low-V2-Beluga,911,220,,,,Adidas,22-Jan,,
, Yeezy,350-V2-Beluga-2pt0,387,220,,,,Adidas,22-Jan,,
, Yeezy,350-V2-Beluga-2pt0,340,220,,,,Adidas,22-Jan,,
, Yeezy,350-V2-Beluga-2pt0,387,220,,,,Adidas,22-Jan,,
, Yeezy,350-V2-Beluga-2pt0,425,220,,,,Adidas,22-Jan,,
, Yeezy,350-V2-Beluga-2pt0,420,220,,,,Adidas,22-Jan,,
, Yeezy,350-V2-Beluga-2pt0,404,220,,,,Adidas,22-Jan,,
, Yeezy,350-V2-Beluga-2pt0,380,220,,,,Adidas,22-Jan,,
, Yeezy,350-V2-Beluga-2pt0,385,220,,,,Adidas,22-Jan,,
, Yeezy,350-V2-Beluga-2pt0,385,220,,,,Adidas,22-Jan,,
, Yeezy,350-V2-Beluga-2pt0,428,220,,,,Adidas,22-Jan,,
, Yeezy,350-V2-Beluga-2pt0,378,220,,,,Adidas,22-Jan,,
, Yeezy,350-V2-Beluga-2pt0,386,220,,,,Adidas,22-Jan,,
, Yeezy,350-V2-Beluga-2pt0,440,220,,,,Adidas,22-Jan,,
, Yeezy,350-V2-Beluga-2pt0,393,220,,,,Adidas,22-Jan,,
, Yeezy,350-V2-Beluga-2pt0,350,220,,,,Adidas,22-Jan,,
, Yeezy,350-V2-Beluga-2pt0,384,220,,,,Adidas,22-Jan,,
, Yeezy,350-V2-Beluga-2pt0,383,220,,,,Adidas,22-Jan,,
, Yeezy,350-V2-Beluga-2pt0,435,220,,,,Adidas,22-Jan,,
, Yeezy,350-V2-Beluga-2pt0,425,220,,,,Adidas,22-Jan,,
, Yeezy,350-V2-Beluga-2pt0,363,220,,,,Adidas,22-Jan,,
, Yeezy,350-V2-Beluga-2pt0,340,220,,,,Adidas,22-Jan,,
, Yeezy,350-V2-Beluga-2pt0,345,220,,,,Adidas,22-Jan,,
, Yeezy,350-V2-Beluga-2pt0,334,220,,,,Adidas,22-Jan,,
, Yeezy,350-V2-Beluga-2pt0,420,220,,,,Adidas,22-Jan,,
, Yeezy,350-V2-Blue-Tint,385,220,,,,Adidas,22-Jan,,
, Yeezy,350-V2-Blue-Tint,350,220,,,,Adidas,22-Jan,,
, Yeezy,350-V2-Blue-Tint,344,220,,,,Adidas,22-Jan,,
, Yeezy,350-V2-Blue-Tint,369,220,,,,Adidas,22-Jan,,
, Yeezy,350-V2-Blue-Tint,384,220,,,,Adidas,22-Jan,,
, Yeezy,350-V2-Blue-Tint,345,220,,,,Adidas,22-Jan,,
, Yeezy,350-V2-Blue-Tint,345,220,,,,Adidas,22-Jan,,
, Yeezy,350-V2-Blue-Tint,380,220,,,,Adidas,22-Jan,,
, Yeezy,350-V2-Blue-Tint,386,220,,,,Adidas,22-Jan,,
, Yeezy,350-V2-Blue-Tint,340,220,,,,Adidas,22-Jan,,
, Yeezy,350-V2-Blue-Tint,419,220,,,,Adidas,22-Jan,,
, Yeezy,350-V2-Blue-Tint,419,220,,,,Adidas,22-Jan,,
, Yeezy,350-V2-Blue-Tint,328,220,,,,Adidas,22-Jan,,
, Yeezy,350-V2-Blue-Tint,358,220,,,,Adidas,22-Jan,,
, Yeezy,350-V2-Blue-Tint,358,220,,,,Adidas,22-Jan,,
, Yeezy,350-V2-Blue-Tint,320,220,,,,Adidas,22-Jan,,
, Yeezy,350-V2-Blue-Tint,358,220,,,,Adidas,22-Jan,,
, Yeezy,350-V2-Blue-Tint,345,220,,,,Adidas,22-Jan,,
, Yeezy,350-V2-Blue-Tint,360,220,,,,Adidas,22-Jan,,
, Yeezy,350-V2-Blue-Tint,376,220,,,,Adidas,22-Jan,,
, Yeezy,350-V2-Blue-Tint,375,220,,,,Adidas,22-Jan,,
, Yeezy,350-V2-Blue-Tint,380,220,,,,Adidas,22-Jan,,
, Yeezy,350-V2-Blue-Tint,343,220,,,,Adidas,22-Jan,,
, Yeezy,350-V2-Blue-Tint,389,220,,,,Adidas,22-Jan,,
, Yeezy,350-V2-Blue-Tint,350,220,,,,Adidas,22-Jan,,
, Yeezy,350-V2-Blue-Tint,340,220,,,,Adidas,22-Jan,,
, Yeezy,350-V2-Blue-Tint,390,220,,,,Adidas,22-Jan,,
, Yeezy,350-V2-Blue-Tint,341,220,,,,Adidas,22-Jan,,
, Yeezy,350-V2-Blue-Tint,375,220,,,,Adidas,22-Jan,,
, Yeezy,350-V2-Blue-Tint,369,220,,,,Adidas,22-Jan,,
, Yeezy,350-V2-Blue-Tint,335,220,,,,Adidas,22-Jan,,
, Yeezy,350-V2-Blue-Tint,365,220,,,,Adidas,22-Jan,,
, Yeezy,350-V2-Blue-Tint,406,220,,,,Adidas,22-Jan,,
, Yeezy,350-V2-Blue-Tint,328,220,,,,Adidas,22-Jan,,
, Yeezy,350-V2-Blue-Tint,385,220,,,,Adidas,22-Jan,,
, Yeezy,350-V2-Blue-Tint,355,220,,,,Adidas,22-Jan,,
, Yeezy,350-V2-Blue-Tint,375,220,,,,Adidas,22-Jan,,
, Yeezy,350-V2-Blue-Tint,343,220,,,,Adidas,22-Jan,,
, Yeezy,350-V2-Blue-Tint,358,220,,,,Adidas,22-Jan,,
, Yeezy,350-V2-Blue-Tint,382,220,,,,Adidas,22-Jan,,
, Yeezy,350-V2-Blue-Tint,330,220,,,,Adidas,22-Jan,,
, Yeezy,350-V2-Blue-Tint,388,220,,,,Adidas,22-Jan,,
, Yeezy,350-V2-Blue-Tint,385,220,,,,Adidas,22-Jan,,
, Yeezy,350-V2-Core-Black-Copper,670,220,,,,Adidas,22-Jan,,
, Yeezy,350-V2-Core-Black-Red-2017,856,220,,,,Adidas,22-Jan,,
, Yeezy,350-V2-Core-Black-Red-2017,899,220,,,,Adidas,22-Jan,,
, Yeezy,350-V2-Core-Black-White,710,220,,,,Adidas,22-Jan,,
, Yeezy,350-V2-Cream-White,440,220,,,,Adidas,22-Jan,,
, Yeezy,350-V2-Cream-White,440,220,,,,Adidas,22-Jan,,
, Yeezy,350-V2-Cream-White,450,220,,,,Adidas,22-Jan,,
, Yeezy,350-V2-Semi-Frozen-Yellow,620,220,,,,Adidas,22-Jan,,
, Yeezy,350-V2-Semi-Frozen-Yellow,600,220,,,,Adidas,22-Jan,,
, Yeezy,350-V2-Semi-Frozen-Yellow,660,220,,,,Adidas,22-Jan,,
, Yeezy,350-V2-Semi-Frozen-Yellow,630,220,,,,Adidas,22-Jan,,
, Yeezy,350-V2-Zebra,518,220,,,,Adidas,22-Jan,,
, Yeezy,350-V2-Zebra,495,220,,,,Adidas,22-Jan,,
, Yeezy,350-V2-Zebra,640,220,,,,Adidas,22-Jan,,
, Yeezy,350-V2-Zebra,579,220,,,,Adidas,22-Jan,,
